Demographic,Platform,Weeks,Curve Frequency,Frequency Cap,Key,  A  , B , C , Potential 
P18+,Linear TV Metro & Regional,4 Weeks,oneplus,0,P18+Linear TV Metro & Regional4 Weeksoneplus0,16618955.16,12827.14,-0.84,20600000
P18+,Linear TV Metro,4 Weeks,oneplus,0,P18+Linear TV Metro4 Weeksoneplus0,11623311.86,13604.54,-0.84,20600000
P18+,Linear TV Regional,4 Weeks,oneplus,0,P18+Linear TV Regional4 Weeksoneplus0,4995643.27,12438.43,-0.84,20600000
P18+,Linear TV Metro 5 Cap Seven Network,4 Weeks,oneplus,0,P18+Linear TV Metro 5 Cap Seven Network4 Weeksoneplus0,7953131.12,13604.54,-0.84,20600000
P18+,Linear TV Metro 5 Cap Nine Network,4 Weeks,oneplus,0,P18+Linear TV Metro 5 Cap Nine Network4 Weeksoneplus0,8310667.99,13604.54,-0.84,20600000
P18+,Linear TV Metro 5 Cap Ten Network,4 Weeks,oneplus,0,P18+Linear TV Metro 5 Cap Ten Network4 Weeksoneplus0,5500665.45,13604.54,-0.84,20600000
P18+,Linear TV Metro 5 Cap SBS Network,4 Weeks,oneplus,0,P18+Linear TV Metro 5 Cap SBS Network4 Weeksoneplus0,2514618.66,13604.54,-0.84,20600000
P18+,Linear TV Regional 4 Seven Network,4 Weeks,oneplus,0,P18+Linear TV Regional 4 Seven Network4 Weeksoneplus0,3418217.33,12438.43,-0.84,20600000
P18+,Linear TV Regional 4 Nine Network,4 Weeks,oneplus,0,P18+Linear TV Regional 4 Nine Network4 Weeksoneplus0,3571884.94,12438.43,-0.84,20600000
P18+,Linear TV Regional 4 Ten Network,4 Weeks,oneplus,0,P18+Linear TV Regional 4 Ten Network4 Weeksoneplus0,2364159.43,12438.43,-0.84,20600000
P18+,Linear TV Regional 4 SBS Network,4 Weeks,oneplus,0,P18+Linear TV Regional 4 SBS Network4 Weeksoneplus0,1080770.95,12438.43,-0.84,20600000
P18+,Foxtel Linear,4 Weeks,oneplus,0,P18+Foxtel Linear4 Weeksoneplus0,3719220.22,11661.03,-0.84,20600000
P18+,YouTube TrueView,4 Weeks,oneplus,0,P18+YouTube TrueView4 Weeksoneplus0,14399400,11061,-0.71,20600000
P18+,YouTube Instant Reserve,4 Weeks,oneplus,0,P18+YouTube Instant Reserve4 Weeksoneplus0,13596000,29891.11,-0.84,20600000
P18+,YouTube Select,4 Weeks,oneplus,0,P18+YouTube Select4 Weeksoneplus0,6876410.4,79835.86,-0.91,20600000
P18+,YouTube OMG Select,4 Weeks,oneplus,0,P18+YouTube OMG Select4 Weeksoneplus0,3518897.75,101475.09,-1.01,20600000
P18+,Nine Now,4 Weeks,oneplus,0,P18+Nine Now4 Weeksoneplus0,4136951.41,46644.13,-0.84,20600000
P18+,Ten Play,4 Weeks,oneplus,0,P18+Ten Play4 Weeksoneplus0,1987754.71,38870.11,-0.84,20600000
P18+,Seven Plus,4 Weeks,oneplus,0,P18+Seven Plus4 Weeksoneplus0,1634600.32,38870.11,-0.84,20600000
P18+,SBS On Demand,4 Weeks,oneplus,0,P18+SBS On Demand4 Weeksoneplus0,1412617.56,34983.1,-0.84,20600000
P18+,Kayo,4 Weeks,oneplus,0,P18+Kayo4 Weeksoneplus0,3307543.11,39647.51,-0.84,20600000
P18+,Foxtel Go,4 Weeks,oneplus,0,P18+Foxtel Go4 Weeksoneplus0,1523608.94,38870.11,-0.84,20600000
P18+,Binge,4 Weeks,oneplus,0,P18+Binge4 Weeksoneplus0,645667.12,46644.13,-0.84,20600000
P18+,Netflix,4 Weeks,oneplus,0,P18+Netflix4 Weeksoneplus0,1009012.53,38870.11,-0.82,20600000
P18+,Optus Sport,4 Weeks,oneplus,0,P18+Optus Sport4 Weeksoneplus0,1009012.53,38870.11,-0.9,20600000
P18+,Amazon Prime,4 Weeks,oneplus,0,P18+Amazon Prime4 Weeksoneplus0,3003364.49,38870.11,-0.8,20600000
P25-54,Linear TV Metro & Regional,4 Weeks,oneplus,0,P25-54Linear TV Metro & Regional4 Weeksoneplus0,8632175.74,728.28,-0.53,10700000
P25-54,Linear TV Metro,4 Weeks,oneplus,0,P25-54Linear TV Metro4 Weeksoneplus0,6037351.31,772.42,-0.53,10700000
P25-54,Linear TV Regional,4 Weeks,oneplus,0,P25-54Linear TV Regional4 Weeksoneplus0,2594824.42,706.21,-0.53,10700000
P25-54,Linear TV Metro 5 Cap Seven Network,4 Weeks,oneplus,0,P25-54Linear TV Metro 5 Cap Seven Network4 Weeksoneplus0,3755450.27,772.42,-0.53,10700000
P25-54,Linear TV Metro 5 Cap Nine Network,4 Weeks,oneplus,0,P25-54Linear TV Metro 5 Cap Nine Network4 Weeksoneplus0,3924278.35,772.42,-0.53,10700000
P25-54,Linear TV Metro 5 Cap Ten Network,4 Weeks,oneplus,0,P25-54Linear TV Metro 5 Cap Ten Network4 Weeksoneplus0,2597401.6,772.42,-0.53,10700000
P25-54,Linear TV Metro 5 Cap SBS Network,4 Weeks,oneplus,0,P25-54Linear TV Metro 5 Cap SBS Network4 Weeksoneplus0,1187397.16,772.42,-0.53,10700000
P25-54,Linear TV Regional 4 Seven Network,4 Weeks,oneplus,0,P25-54Linear TV Regional 4 Seven Network4 Weeksoneplus0,1614074.38,706.21,-0.53,10700000
P25-54,Linear TV Regional 4 Nine Network,4 Weeks,oneplus,0,P25-54Linear TV Regional 4 Nine Network4 Weeksoneplus0,1686635.87,706.21,-0.53,10700000
P25-54,Linear TV Regional 4 Ten Network,4 Weeks,oneplus,0,P25-54Linear TV Regional 4 Ten Network4 Weeksoneplus0,1116350.66,706.21,-0.53,10700000
P25-54,Linear TV Regional 4 SBS Network,4 Weeks,oneplus,0,P25-54Linear TV Regional 4 SBS Network4 Weeksoneplus0,510337.56,706.21,-0.53,10700000
P25-54,Foxtel Linear,4 Weeks,oneplus,0,P25-54Foxtel Linear4 Weeksoneplus0,1931827.98,662.07,-0.53,10700000
P25-54,YouTube TrueView,4 Weeks,oneplus,0,P25-54YouTube TrueView4 Weeksoneplus0,7693300,26084.89,-0.78,10700000
P25-54,YouTube Instant Reserve,4 Weeks,oneplus,0,P25-54YouTube Instant Reserve4 Weeksoneplus0,7693300,1547.05,-0.53,10700000
P25-54,YouTube Select,4 Weeks,oneplus,0,P25-54YouTube Select4 Weeksoneplus0,5208175.74,728.28,-0.53,10700000
P25-54,YouTube OMG Select,4 Weeks,oneplus,0,P25-54YouTube OMG Select4 Weeksoneplus0,3368487.46,81328,-0.92,10700000
P25-54,Nine Now,4 Weeks,oneplus,0,P25-54Nine Now4 Weeksoneplus0,2148804.86,696.92,-0.53,10700000
P25-54,Ten Play,4 Weeks,oneplus,0,P25-54Ten Play4 Weeksoneplus0,1353474.53,410,-0.52,10700000
P25-54,Seven Plus,4 Weeks,oneplus,0,P25-54Seven Plus4 Weeksoneplus0,949039.97,390,-0.58,10700000
P25-54,SBS On Demand,4 Weeks,oneplus,0,P25-54SBS On Demand4 Weeksoneplus0,833738.25,522.69,-0.61,10700000
P25-54,Kayo,4 Weeks,oneplus,0,P25-54Kayo4 Weeksoneplus0,1717995.69,2251.05,-0.53,10700000
P25-54,Foxtel Go,4 Weeks,oneplus,0,P25-54Foxtel Go4 Weeksoneplus0,791389.11,2206.91,-0.53,10700000
P25-54,Binge,4 Weeks,oneplus,0,P25-54Binge4 Weeksoneplus0,335370.78,2648.3,-0.53,10700000
P25-54,Netflix,4 Weeks,oneplus,0,P25-54Netflix4 Weeksoneplus0,524098.74,2206.91,-0.82,10700000
P25-54,Optus Sport,4 Weeks,oneplus,0,P25-54Optus Sport4 Weeksoneplus0,520000,2206.91,-0.9,10700000
P25-54,Amazon Prime,4 Weeks,oneplus,0,P25-54Amazon Prime4 Weeksoneplus0,1560000,2206.91,-0.8,10700000
P18-44,Linear TV Metro & Regional,4 Weeks,oneplus,0,P18-44Linear TV Metro & Regional4 Weeksoneplus0,6600000,642,-0.55,9700000
P18-44,Linear TV Metro,4 Weeks,oneplus,0,P18-44Linear TV Metro4 Weeksoneplus0,4350000,680.91,-0.55,9700000
P18-44,Linear TV Regional,4 Weeks,oneplus,0,P18-44Linear TV Regional4 Weeksoneplus0,2352317.46,622.55,-0.55,9700000
P18-44,Linear TV Metro 5 Cap Seven Network,4 Weeks,oneplus,0,P18-44Linear TV Metro 5 Cap Seven Network4 Weeksoneplus0,2893802.56,680.91,-0.55,9700000
P18-44,Linear TV Metro 5 Cap Nine Network,4 Weeks,oneplus,0,P18-44Linear TV Metro 5 Cap Nine Network4 Weeksoneplus0,3023894.86,680.91,-0.55,9700000
P18-44,Linear TV Metro 5 Cap Ten Network,4 Weeks,oneplus,0,P18-44Linear TV Metro 5 Cap Ten Network4 Weeksoneplus0,2001455.72,680.91,-0.55,9700000
P18-44,Linear TV Metro 5 Cap SBS Network,4 Weeks,oneplus,0,P18-44Linear TV Metro 5 Cap SBS Network4 Weeksoneplus0,914961.64,680.91,-0.55,9700000
P18-44,Linear TV Regional 4 Seven Network,4 Weeks,oneplus,0,P18-44Linear TV Regional 4 Seven Network4 Weeksoneplus0,1243742.36,622.55,-0.55,9700000
P18-44,Linear TV Regional 4 Nine Network,4 Weeks,oneplus,0,P18-44Linear TV Regional 4 Nine Network4 Weeksoneplus0,1299655.4,622.55,-0.55,9700000
P18-44,Linear TV Regional 4 Ten Network,4 Weeks,oneplus,0,P18-44Linear TV Regional 4 Ten Network4 Weeksoneplus0,860216,622.55,-0.55,9700000
P18-44,Linear TV Regional 4 SBS Network,4 Weeks,oneplus,0,P18-44Linear TV Regional 4 SBS Network4 Weeksoneplus0,393246.09,622.55,-0.55,9700000
P18-44,Foxtel Linear,4 Weeks,oneplus,0,P18-44Foxtel Linear4 Weeksoneplus0,1251283.31,583.64,-0.55,9700000
P18-44,YouTube TrueView,4 Weeks,oneplus,0,P18-44YouTube TrueView4 Weeksoneplus0,7081000,52426.37,-0.85,9700000
P18-44,YouTube Instant Reserve,4 Weeks,oneplus,0,P18-44YouTube Instant Reserve4 Weeksoneplus0,6945200,1625.23,-0.55,9700000
P18-44,YouTube Select,4 Weeks,oneplus,0,P18-44YouTube Select4 Weeksoneplus0,4688174.96,14358.34,-0.75,9700000
P18-44,YouTube OMG Select,4 Weeks,oneplus,0,P18-44YouTube OMG Select4 Weeksoneplus0,3053675.55,156526.57,-0.98,9700000
P18-44,Nine Now,4 Weeks,oneplus,0,P18-44Nine Now4 Weeksoneplus0,1947981.97,2334.55,-0.55,9700000
P18-44,Ten Play,4 Weeks,oneplus,0,P18-44Ten Play4 Weeksoneplus0,935981.59,1945.46,-0.55,9700000
P18-44,Seven Plus,4 Weeks,oneplus,0,P18-44Seven Plus4 Weeksoneplus0,669690.44,1945.46,-0.55,9700000
P18-44,SBS On Demand,4 Weeks,oneplus,0,P18-44SBS On Demand4 Weeksoneplus0,565164.58,1750.91,-0.55,9700000
P18-44,Kayo,4 Weeks,oneplus,0,P18-44Kayo4 Weeksoneplus0,1757435.35,1984.36,-0.55,9700000
P18-44,Foxtel Go,4 Weeks,oneplus,0,P18-44Foxtel Go4 Weeksoneplus0,717427.51,1945.46,-0.55,9700000
P18-44,Binge,4 Weeks,oneplus,0,P18-44Binge4 Weeksoneplus0,404027.72,2334.55,-0.55,9700000
P18-44,Netflix,4 Weeks,oneplus,0,P18-44Netflix4 Weeksoneplus0,675117.55,1945.46,-0.82,9700000
P18-44,Optus Sport,4 Weeks,oneplus,0,P18-44Optus Sport4 Weeksoneplus0,675117.55,1945.46,-0.9,9700000
P18-44,Amazon Prime,4 Weeks,oneplus,0,P18-44Amazon Prime4 Weeksoneplus0,1614205.61,1945.46,-0.8,9700000
P18-64,Linear TV Metro & Regional,4 Weeks,oneplus,0,P18-64Linear TV Metro & Regional4 Weeksoneplus0,12907926.34,695.74,-0.53,16000000
P18-64,Linear TV Metro,4 Weeks,oneplus,0,P18-64Linear TV Metro4 Weeksoneplus0,9027815.04,737.91,-0.53,16000000
P18-64,Linear TV Regional,4 Weeks,oneplus,0,P18-64Linear TV Regional4 Weeksoneplus0,3880111.28,674.66,-0.53,16000000
P18-64,Linear TV Metro 5 Cap Seven Network,4 Weeks,oneplus,0,P18-64Linear TV Metro 5 Cap Seven Network4 Weeksoneplus0,5896407.89,737.91,-0.53,16000000
P18-64,Linear TV Metro 5 Cap Nine Network,4 Weeks,oneplus,0,P18-64Linear TV Metro 5 Cap Nine Network4 Weeksoneplus0,6161483.77,737.91,-0.53,16000000
P18-64,Linear TV Metro 5 Cap Ten Network,4 Weeks,oneplus,0,P18-64Linear TV Metro 5 Cap Ten Network4 Weeksoneplus0,4078163.27,737.91,-0.53,16000000
P18-64,Linear TV Metro 5 Cap SBS Network,4 Weeks,oneplus,0,P18-64Linear TV Metro 5 Cap SBS Network4 Weeksoneplus0,1864324.51,737.91,-0.53,16000000
P18-64,Linear TV Regional 4 Seven Network,4 Weeks,oneplus,0,P18-64Linear TV Regional 4 Seven Network4 Weeksoneplus0,2534247.62,674.66,-0.53,16000000
P18-64,Linear TV Regional 4 Nine Network,4 Weeks,oneplus,0,P18-64Linear TV Regional 4 Nine Network4 Weeksoneplus0,2648175.95,674.66,-0.53,16000000
P18-64,Linear TV Regional 4 Ten Network,4 Weeks,oneplus,0,P18-64Linear TV Regional 4 Ten Network4 Weeksoneplus0,1752774.87,674.66,-0.53,16000000
P18-64,Linear TV Regional 4 SBS Network,4 Weeks,oneplus,0,P18-64Linear TV Regional 4 SBS Network4 Weeksoneplus0,801277.67,674.66,-0.53,16000000
P18-64,Foxtel Linear,4 Weeks,oneplus,0,P18-64Foxtel Linear4 Weeksoneplus0,3188714.74,632.49,-0.53,16000000
P18-64,YouTube TrueView,4 Weeks,oneplus,0,P18-64YouTube TrueView4 Weeksoneplus0,11792000,62104.98,-0.85,16000000
P18-64,YouTube Instant Reserve,4 Weeks,oneplus,0,P18-64YouTube Instant Reserve4 Weeksoneplus0,11040000,1577.01,-0.53,16000000
P18-64,YouTube Select,4 Weeks,oneplus,0,P18-64YouTube Select4 Weeksoneplus0,7733072.1,36817.02,-0.81,16000000
P18-64,YouTube OMG Select,4 Weeks,oneplus,0,P18-64YouTube OMG Select4 Weeksoneplus0,5036990.59,158485.62,-0.97,16000000
P18-64,Nine Now,4 Weeks,oneplus,0,P18-64Nine Now4 Weeksoneplus0,3213166.14,2529.97,-0.53,16000000
P18-64,Ten Play,4 Weeks,oneplus,0,P18-64Ten Play4 Weeksoneplus0,1543887.15,2108.31,-0.53,16000000
P18-64,Seven Plus,4 Weeks,oneplus,0,P18-64Seven Plus4 Weeksoneplus0,1469592.48,2108.31,-0.53,16000000
P18-64,SBS On Demand,4 Weeks,oneplus,0,P18-64SBS On Demand4 Weeksoneplus0,1097178.69,1897.48,-0.53,16000000
P18-64,Kayo,4 Weeks,oneplus,0,P18-64Kayo4 Weeksoneplus0,2568965.52,2150.47,-0.53,16000000
P18-64,Foxtel Go,4 Weeks,oneplus,0,P18-64Foxtel Go4 Weeksoneplus0,1183385.58,2108.31,-0.53,16000000
P18-64,Binge,4 Weeks,oneplus,0,P18-64Binge4 Weeksoneplus0,501489.02,2529.97,-0.53,16000000
P18-64,Netflix,4 Weeks,oneplus,0,P18-64Netflix4 Weeksoneplus0,783699.06,2108.31,-0.82,16000000
P18-64,Optus Sport,4 Weeks,oneplus,0,P18-64Optus Sport4 Weeksoneplus0,783699.06,2108.31,-0.9,16000000
P18-64,Amazon Prime,4 Weeks,oneplus,0,P18-64Amazon Prime4 Weeksoneplus0,2332710.28,2108.31,-0.8,16000000
P18+,Linear TV Metro & Regional,3 Weeks,oneplus,0,P18+Linear TV Metro & Regional3 Weeksoneplus0,15788007.4,12827.14,-0.84,20600000
P18+,Linear TV Metro,3 Weeks,oneplus,0,P18+Linear TV Metro3 Weeksoneplus0,11042146.27,13604.54,-0.84,20600000
P18+,Linear TV Regional,3 Weeks,oneplus,0,P18+Linear TV Regional3 Weeksoneplus0,4745861.11,12438.43,-0.84,20600000
P18+,Linear TV Metro 5 Cap Seven Network,3 Weeks,oneplus,0,P18+Linear TV Metro 5 Cap Seven Network3 Weeksoneplus0,7555474.57,13604.54,-0.84,20600000
P18+,Linear TV Metro 5 Cap Nine Network,3 Weeks,oneplus,0,P18+Linear TV Metro 5 Cap Nine Network3 Weeksoneplus0,7895134.59,13604.54,-0.84,20600000
P18+,Linear TV Metro 5 Cap Ten Network,3 Weeks,oneplus,0,P18+Linear TV Metro 5 Cap Ten Network3 Weeksoneplus0,5225632.18,13604.54,-0.84,20600000
P18+,Linear TV Metro 5 Cap SBS Network,3 Weeks,oneplus,0,P18+Linear TV Metro 5 Cap SBS Network3 Weeksoneplus0,2388887.73,13604.54,-0.84,20600000
P18+,Linear TV Regional 4 Seven Network,3 Weeks,oneplus,0,P18+Linear TV Regional 4 Seven Network3 Weeksoneplus0,3247306.46,12438.43,-0.84,20600000
P18+,Linear TV Regional 4 Nine Network,3 Weeks,oneplus,0,P18+Linear TV Regional 4 Nine Network3 Weeksoneplus0,3393290.7,12438.43,-0.84,20600000
P18+,Linear TV Regional 4 Ten Network,3 Weeks,oneplus,0,P18+Linear TV Regional 4 Ten Network3 Weeksoneplus0,2245951.46,12438.43,-0.84,20600000
P18+,Linear TV Regional 4 SBS Network,3 Weeks,oneplus,0,P18+Linear TV Regional 4 SBS Network3 Weeksoneplus0,1026732.4,12438.43,-0.84,20600000
P18+,Foxtel Linear,3 Weeks,oneplus,0,P18+Foxtel Linear3 Weeksoneplus0,3533259.21,11661.03,-0.84,20600000
P18+,YouTube TrueView,3 Weeks,oneplus,0,P18+YouTube TrueView3 Weeksoneplus0,13679430,11061,-0.71,20600000
P18+,YouTube Instant Reserve,3 Weeks,oneplus,0,P18+YouTube Instant Reserve3 Weeksoneplus0,12916200,29891.11,-0.84,20600000
P18+,YouTube Select,3 Weeks,oneplus,0,P18+YouTube Select3 Weeksoneplus0,6532589.88,79835.86,-0.91,20600000
P18+,YouTube OMG Select,3 Weeks,oneplus,0,P18+YouTube OMG Select3 Weeksoneplus0,3342952.86,101475.09,-1.01,20600000
P18+,Nine Now,3 Weeks,oneplus,0,P18+Nine Now3 Weeksoneplus0,3930103.84,46644.13,-0.84,20600000
P18+,Ten Play,3 Weeks,oneplus,0,P18+Ten Play3 Weeksoneplus0,1888366.97,38870.11,-0.84,20600000
P18+,Seven Plus,3 Weeks,oneplus,0,P18+Seven Plus3 Weeksoneplus0,1552870.3,38870.11,-0.84,20600000
P18+,SBS On Demand,3 Weeks,oneplus,0,P18+SBS On Demand3 Weeksoneplus0,1341986.68,34983.1,-0.84,20600000
P18+,Kayo,3 Weeks,oneplus,0,P18+Kayo3 Weeksoneplus0,3142165.95,39647.51,-0.84,20600000
P18+,Foxtel Go,3 Weeks,oneplus,0,P18+Foxtel Go3 Weeksoneplus0,1447428.49,38870.11,-0.84,20600000
P18+,Binge,3 Weeks,oneplus,0,P18+Binge3 Weeksoneplus0,613383.76,46644.13,-0.84,20600000
P18+,Netflix,3 Weeks,oneplus,0,P18+Netflix3 Weeksoneplus0,958561.9,38870.11,-0.82,20600000
P18+,Optus Sport,3 Weeks,oneplus,0,P18+Optus Sport3 Weeksoneplus0,958561.9,38870.11,-0.9,20600000
P18+,Amazon Prime,3 Weeks,oneplus,0,P18+Amazon Prime3 Weeksoneplus0,2853196.26,38870.11,-0.8,20600000
P25-54,Linear TV Metro & Regional,3 Weeks,oneplus,0,P25-54Linear TV Metro & Regional3 Weeksoneplus0,8200566.95,728.28,-0.53,10700000
P25-54,Linear TV Metro,3 Weeks,oneplus,0,P25-54Linear TV Metro3 Weeksoneplus0,5735483.74,772.42,-0.53,10700000
P25-54,Linear TV Regional,3 Weeks,oneplus,0,P25-54Linear TV Regional3 Weeksoneplus0,2465083.2,706.21,-0.53,10700000
P25-54,Linear TV Metro 5 Cap Seven Network,3 Weeks,oneplus,0,P25-54Linear TV Metro 5 Cap Seven Network3 Weeksoneplus0,3567677.75,772.42,-0.53,10700000
P25-54,Linear TV Metro 5 Cap Nine Network,3 Weeks,oneplus,0,P25-54Linear TV Metro 5 Cap Nine Network3 Weeksoneplus0,3728064.43,772.42,-0.53,10700000
P25-54,Linear TV Metro 5 Cap Ten Network,3 Weeks,oneplus,0,P25-54Linear TV Metro 5 Cap Ten Network3 Weeksoneplus0,2467531.52,772.42,-0.53,10700000
P25-54,Linear TV Metro 5 Cap SBS Network,3 Weeks,oneplus,0,P25-54Linear TV Metro 5 Cap SBS Network3 Weeksoneplus0,1128027.3,772.42,-0.53,10700000
P25-54,Linear TV Regional 4 Seven Network,3 Weeks,oneplus,0,P25-54Linear TV Regional 4 Seven Network3 Weeksoneplus0,1533370.66,706.21,-0.53,10700000
P25-54,Linear TV Regional 4 Nine Network,3 Weeks,oneplus,0,P25-54Linear TV Regional 4 Nine Network3 Weeksoneplus0,1602304.08,706.21,-0.53,10700000
P25-54,Linear TV Regional 4 Ten Network,3 Weeks,oneplus,0,P25-54Linear TV Regional 4 Ten Network3 Weeksoneplus0,1060533.13,706.21,-0.53,10700000
P25-54,Linear TV Regional 4 SBS Network,3 Weeks,oneplus,0,P25-54Linear TV Regional 4 SBS Network3 Weeksoneplus0,484820.68,706.21,-0.53,10700000
P25-54,Foxtel Linear,3 Weeks,oneplus,0,P25-54Foxtel Linear3 Weeksoneplus0,1835236.58,662.07,-0.53,10700000
P25-54,YouTube TrueView,3 Weeks,oneplus,0,P25-54YouTube TrueView3 Weeksoneplus0,7308635,26084.89,-0.78,10700000
P25-54,YouTube Instant Reserve,3 Weeks,oneplus,0,P25-54YouTube Instant Reserve3 Weeksoneplus0,7308635,1547.05,-0.53,10700000
P25-54,YouTube Select,3 Weeks,oneplus,0,P25-54YouTube Select3 Weeksoneplus0,4947766.95,728.28,-0.53,10700000
P25-54,YouTube OMG Select,3 Weeks,oneplus,0,P25-54YouTube OMG Select3 Weeksoneplus0,3200063.09,81328,-0.92,10700000
P25-54,Nine Now,3 Weeks,oneplus,0,P25-54Nine Now3 Weeksoneplus0,2041364.62,696.92,-0.53,10700000
P25-54,Ten Play,3 Weeks,oneplus,0,P25-54Ten Play3 Weeksoneplus0,1285800.8,410,-0.52,10700000
P25-54,Seven Plus,3 Weeks,oneplus,0,P25-54Seven Plus3 Weeksoneplus0,901587.97,390,-0.58,10700000
P25-54,SBS On Demand,3 Weeks,oneplus,0,P25-54SBS On Demand3 Weeksoneplus0,792051.34,522.69,-0.61,10700000
P25-54,Kayo,3 Weeks,oneplus,0,P25-54Kayo3 Weeksoneplus0,1632095.91,2251.05,-0.53,10700000
P25-54,Foxtel Go,3 Weeks,oneplus,0,P25-54Foxtel Go3 Weeksoneplus0,751819.65,2206.91,-0.53,10700000
P25-54,Binge,3 Weeks,oneplus,0,P25-54Binge3 Weeksoneplus0,318602.24,2648.3,-0.53,10700000
P25-54,Netflix,3 Weeks,oneplus,0,P25-54Netflix3 Weeksoneplus0,497893.8,2206.91,-0.82,10700000
P25-54,Optus Sport,3 Weeks,oneplus,0,P25-54Optus Sport3 Weeksoneplus0,494000,2206.91,-0.9,10700000
P25-54,Amazon Prime,3 Weeks,oneplus,0,P25-54Amazon Prime3 Weeksoneplus0,1482000,2206.91,-0.8,10700000
P18-44,Linear TV Metro & Regional,3 Weeks,oneplus,0,P18-44Linear TV Metro & Regional3 Weeksoneplus0,6270000,642,-0.55,9700000
P18-44,Linear TV Metro,3 Weeks,oneplus,0,P18-44Linear TV Metro3 Weeksoneplus0,4132500,680.91,-0.55,9700000
P18-44,Linear TV Regional,3 Weeks,oneplus,0,P18-44Linear TV Regional3 Weeksoneplus0,2234701.59,622.55,-0.55,9700000
P18-44,Linear TV Metro 5 Cap Seven Network,3 Weeks,oneplus,0,P18-44Linear TV Metro 5 Cap Seven Network3 Weeksoneplus0,2749112.44,680.91,-0.55,9700000
P18-44,Linear TV Metro 5 Cap Nine Network,3 Weeks,oneplus,0,P18-44Linear TV Metro 5 Cap Nine Network3 Weeksoneplus0,2872700.12,680.91,-0.55,9700000
P18-44,Linear TV Metro 5 Cap Ten Network,3 Weeks,oneplus,0,P18-44Linear TV Metro 5 Cap Ten Network3 Weeksoneplus0,1901382.94,680.91,-0.55,9700000
P18-44,Linear TV Metro 5 Cap SBS Network,3 Weeks,oneplus,0,P18-44Linear TV Metro 5 Cap SBS Network3 Weeksoneplus0,869213.56,680.91,-0.55,9700000
P18-44,Linear TV Regional 4 Seven Network,3 Weeks,oneplus,0,P18-44Linear TV Regional 4 Seven Network3 Weeksoneplus0,1181555.24,622.55,-0.55,9700000
P18-44,Linear TV Regional 4 Nine Network,3 Weeks,oneplus,0,P18-44Linear TV Regional 4 Nine Network3 Weeksoneplus0,1234672.63,622.55,-0.55,9700000
P18-44,Linear TV Regional 4 Ten Network,3 Weeks,oneplus,0,P18-44Linear TV Regional 4 Ten Network3 Weeksoneplus0,817205.2,622.55,-0.55,9700000
P18-44,Linear TV Regional 4 SBS Network,3 Weeks,oneplus,0,P18-44Linear TV Regional 4 SBS Network3 Weeksoneplus0,373583.79,622.55,-0.55,9700000
P18-44,Foxtel Linear,3 Weeks,oneplus,0,P18-44Foxtel Linear3 Weeksoneplus0,1188719.14,583.64,-0.55,9700000
P18-44,YouTube TrueView,3 Weeks,oneplus,0,P18-44YouTube TrueView3 Weeksoneplus0,6726950,52426.37,-0.85,9700000
P18-44,YouTube Instant Reserve,3 Weeks,oneplus,0,P18-44YouTube Instant Reserve3 Weeksoneplus0,6597940,1625.23,-0.55,9700000
P18-44,YouTube Select,3 Weeks,oneplus,0,P18-44YouTube Select3 Weeksoneplus0,4453766.21,14358.34,-0.75,9700000
P18-44,YouTube OMG Select,3 Weeks,oneplus,0,P18-44YouTube OMG Select3 Weeksoneplus0,2900991.77,156526.57,-0.98,9700000
P18-44,Nine Now,3 Weeks,oneplus,0,P18-44Nine Now3 Weeksoneplus0,1850582.87,2334.55,-0.55,9700000
P18-44,Ten Play,3 Weeks,oneplus,0,P18-44Ten Play3 Weeksoneplus0,889182.51,1945.46,-0.55,9700000
P18-44,Seven Plus,3 Weeks,oneplus,0,P18-44Seven Plus3 Weeksoneplus0,636205.92,1945.46,-0.55,9700000
P18-44,SBS On Demand,3 Weeks,oneplus,0,P18-44SBS On Demand3 Weeksoneplus0,536906.35,1750.91,-0.55,9700000
P18-44,Kayo,3 Weeks,oneplus,0,P18-44Kayo3 Weeksoneplus0,1669563.58,1984.36,-0.55,9700000
P18-44,Foxtel Go,3 Weeks,oneplus,0,P18-44Foxtel Go3 Weeksoneplus0,681556.13,1945.46,-0.55,9700000
P18-44,Binge,3 Weeks,oneplus,0,P18-44Binge3 Weeksoneplus0,383826.33,2334.55,-0.55,9700000
P18-44,Netflix,3 Weeks,oneplus,0,P18-44Netflix3 Weeksoneplus0,641361.67,1945.46,-0.82,9700000
P18-44,Optus Sport,3 Weeks,oneplus,0,P18-44Optus Sport3 Weeksoneplus0,641361.67,1945.46,-0.9,9700000
P18-44,Amazon Prime,3 Weeks,oneplus,0,P18-44Amazon Prime3 Weeksoneplus0,1533495.33,1945.46,-0.8,9700000
P18-64,Linear TV Metro & Regional,3 Weeks,oneplus,0,P18-64Linear TV Metro & Regional3 Weeksoneplus0,12262530.02,695.74,-0.53,16000000
P18-64,Linear TV Metro,3 Weeks,oneplus,0,P18-64Linear TV Metro3 Weeksoneplus0,8576424.29,737.91,-0.53,16000000
P18-64,Linear TV Regional,3 Weeks,oneplus,0,P18-64Linear TV Regional3 Weeksoneplus0,3686105.72,674.66,-0.53,16000000
P18-64,Linear TV Metro 5 Cap Seven Network,3 Weeks,oneplus,0,P18-64Linear TV Metro 5 Cap Seven Network3 Weeksoneplus0,5601587.5,737.91,-0.53,16000000
P18-64,Linear TV Metro 5 Cap Nine Network,3 Weeks,oneplus,0,P18-64Linear TV Metro 5 Cap Nine Network3 Weeksoneplus0,5853409.58,737.91,-0.53,16000000
P18-64,Linear TV Metro 5 Cap Ten Network,3 Weeks,oneplus,0,P18-64Linear TV Metro 5 Cap Ten Network3 Weeksoneplus0,3874255.1,737.91,-0.53,16000000
P18-64,Linear TV Metro 5 Cap SBS Network,3 Weeks,oneplus,0,P18-64Linear TV Metro 5 Cap SBS Network3 Weeksoneplus0,1771108.29,737.91,-0.53,16000000
P18-64,Linear TV Regional 4 Seven Network,3 Weeks,oneplus,0,P18-64Linear TV Regional 4 Seven Network3 Weeksoneplus0,2407535.24,674.66,-0.53,16000000
P18-64,Linear TV Regional 4 Nine Network,3 Weeks,oneplus,0,P18-64Linear TV Regional 4 Nine Network3 Weeksoneplus0,2515767.15,674.66,-0.53,16000000
P18-64,Linear TV Regional 4 Ten Network,3 Weeks,oneplus,0,P18-64Linear TV Regional 4 Ten Network3 Weeksoneplus0,1665136.12,674.66,-0.53,16000000
P18-64,Linear TV Regional 4 SBS Network,3 Weeks,oneplus,0,P18-64Linear TV Regional 4 SBS Network3 Weeksoneplus0,761213.78,674.66,-0.53,16000000
P18-64,Foxtel Linear,3 Weeks,oneplus,0,P18-64Foxtel Linear3 Weeksoneplus0,3029279,632.49,-0.53,16000000
P18-64,YouTube TrueView,3 Weeks,oneplus,0,P18-64YouTube TrueView3 Weeksoneplus0,11202400,62104.98,-0.85,16000000
P18-64,YouTube Instant Reserve,3 Weeks,oneplus,0,P18-64YouTube Instant Reserve3 Weeksoneplus0,10488000,1577.01,-0.53,16000000
P18-64,YouTube Select,3 Weeks,oneplus,0,P18-64YouTube Select3 Weeksoneplus0,7346418.5,36817.02,-0.81,16000000
P18-64,YouTube OMG Select,3 Weeks,oneplus,0,P18-64YouTube OMG Select3 Weeksoneplus0,4785141.06,158485.62,-0.97,16000000
P18-64,Nine Now,3 Weeks,oneplus,0,P18-64Nine Now3 Weeksoneplus0,3052507.83,2529.97,-0.53,16000000
P18-64,Ten Play,3 Weeks,oneplus,0,P18-64Ten Play3 Weeksoneplus0,1466692.79,2108.31,-0.53,16000000
P18-64,Seven Plus,3 Weeks,oneplus,0,P18-64Seven Plus3 Weeksoneplus0,1396112.86,2108.31,-0.53,16000000
P18-64,SBS On Demand,3 Weeks,oneplus,0,P18-64SBS On Demand3 Weeksoneplus0,1042319.76,1897.48,-0.53,16000000
P18-64,Kayo,3 Weeks,oneplus,0,P18-64Kayo3 Weeksoneplus0,2440517.24,2150.47,-0.53,16000000
P18-64,Foxtel Go,3 Weeks,oneplus,0,P18-64Foxtel Go3 Weeksoneplus0,1124216.3,2108.31,-0.53,16000000
P18-64,Binge,3 Weeks,oneplus,0,P18-64Binge3 Weeksoneplus0,476414.57,2529.97,-0.53,16000000
P18-64,Netflix,3 Weeks,oneplus,0,P18-64Netflix3 Weeksoneplus0,744514.11,2108.31,-0.82,16000000
P18-64,Optus Sport,3 Weeks,oneplus,0,P18-64Optus Sport3 Weeksoneplus0,744514.11,2108.31,-0.9,16000000
P18-64,Amazon Prime,3 Weeks,oneplus,0,P18-64Amazon Prime3 Weeksoneplus0,2216074.77,2108.31,-0.8,16000000
P18+,Linear TV Metro & Regional,2 Weeks,oneplus,0,P18+Linear TV Metro & Regional2 Weeksoneplus0,14458490.99,12827.14,-0.84,20600000
P18+,Linear TV Metro,2 Weeks,oneplus,0,P18+Linear TV Metro2 Weeksoneplus0,10112281.32,13604.54,-0.84,20600000
P18+,Linear TV Regional,2 Weeks,oneplus,0,P18+Linear TV Regional2 Weeksoneplus0,4346209.64,12438.43,-0.84,20600000
P18+,Linear TV Metro 5 Cap Seven Network,2 Weeks,oneplus,0,P18+Linear TV Metro 5 Cap Seven Network2 Weeksoneplus0,6919224.08,13604.54,-0.84,20600000
P18+,Linear TV Metro 5 Cap Nine Network,2 Weeks,oneplus,0,P18+Linear TV Metro 5 Cap Nine Network2 Weeksoneplus0,7230281.15,13604.54,-0.84,20600000
P18+,Linear TV Metro 5 Cap Ten Network,2 Weeks,oneplus,0,P18+Linear TV Metro 5 Cap Ten Network2 Weeksoneplus0,4785578.94,13604.54,-0.84,20600000
P18+,Linear TV Metro 5 Cap SBS Network,2 Weeks,oneplus,0,P18+Linear TV Metro 5 Cap SBS Network2 Weeksoneplus0,2187718.23,13604.54,-0.84,20600000
P18+,Linear TV Regional 4 Seven Network,2 Weeks,oneplus,0,P18+Linear TV Regional 4 Seven Network2 Weeksoneplus0,2973849.07,12438.43,-0.84,20600000
P18+,Linear TV Regional 4 Nine Network,2 Weeks,oneplus,0,P18+Linear TV Regional 4 Nine Network2 Weeksoneplus0,3107539.9,12438.43,-0.84,20600000
P18+,Linear TV Regional 4 Ten Network,2 Weeks,oneplus,0,P18+Linear TV Regional 4 Ten Network2 Weeksoneplus0,2056818.71,12438.43,-0.84,20600000
P18+,Linear TV Regional 4 SBS Network,2 Weeks,oneplus,0,P18+Linear TV Regional 4 SBS Network2 Weeksoneplus0,940270.73,12438.43,-0.84,20600000
P18+,Foxtel Linear,2 Weeks,oneplus,0,P18+Foxtel Linear2 Weeksoneplus0,3235721.59,11661.03,-0.84,20600000
P18+,YouTube TrueView,2 Weeks,oneplus,0,P18+YouTube TrueView2 Weeksoneplus0,12527478,11061,-0.71,20600000
P18+,YouTube Instant Reserve,2 Weeks,oneplus,0,P18+YouTube Instant Reserve2 Weeksoneplus0,11828520,29891.11,-0.84,20600000
P18+,YouTube Select,2 Weeks,oneplus,0,P18+YouTube Select2 Weeksoneplus0,5982477.05,79835.86,-0.91,20600000
P18+,YouTube OMG Select,2 Weeks,oneplus,0,P18+YouTube OMG Select2 Weeksoneplus0,3061441.04,101475.09,-1.01,20600000
P18+,Nine Now,2 Weeks,oneplus,0,P18+Nine Now2 Weeksoneplus0,3599147.73,46644.13,-0.84,20600000
P18+,Ten Play,2 Weeks,oneplus,0,P18+Ten Play2 Weeksoneplus0,1729346.6,38870.11,-0.84,20600000
P18+,Seven Plus,2 Weeks,oneplus,0,P18+Seven Plus2 Weeksoneplus0,1422102.28,38870.11,-0.84,20600000
P18+,SBS On Demand,2 Weeks,oneplus,0,P18+SBS On Demand2 Weeksoneplus0,1228977.28,34983.1,-0.84,20600000
P18+,Kayo,2 Weeks,oneplus,0,P18+Kayo2 Weeksoneplus0,2877562.51,39647.51,-0.84,20600000
P18+,Foxtel Go,2 Weeks,oneplus,0,P18+Foxtel Go2 Weeksoneplus0,1325539.78,38870.11,-0.84,20600000
P18+,Binge,2 Weeks,oneplus,0,P18+Binge2 Weeksoneplus0,561730.39,46644.13,-0.84,20600000
P18+,Netflix,2 Weeks,oneplus,0,P18+Netflix2 Weeksoneplus0,877840.9,38870.11,-0.82,20600000
P18+,Optus Sport,2 Weeks,oneplus,0,P18+Optus Sport2 Weeksoneplus0,877840.9,38870.11,-0.9,20600000
P18+,Amazon Prime,2 Weeks,oneplus,0,P18+Amazon Prime2 Weeksoneplus0,2612927.1,38870.11,-0.8,20600000
P25-54,Linear TV Metro & Regional,2 Weeks,oneplus,0,P25-54Linear TV Metro & Regional2 Weeksoneplus0,7509992.89,728.28,-0.53,10700000
P25-54,Linear TV Metro,2 Weeks,oneplus,0,P25-54Linear TV Metro2 Weeksoneplus0,5252495.64,772.42,-0.53,10700000
P25-54,Linear TV Regional,2 Weeks,oneplus,0,P25-54Linear TV Regional2 Weeksoneplus0,2257497.25,706.21,-0.53,10700000
P25-54,Linear TV Metro 5 Cap Seven Network,2 Weeks,oneplus,0,P25-54Linear TV Metro 5 Cap Seven Network2 Weeksoneplus0,3267241.73,772.42,-0.53,10700000
P25-54,Linear TV Metro 5 Cap Nine Network,2 Weeks,oneplus,0,P25-54Linear TV Metro 5 Cap Nine Network2 Weeksoneplus0,3414122.17,772.42,-0.53,10700000
P25-54,Linear TV Metro 5 Cap Ten Network,2 Weeks,oneplus,0,P25-54Linear TV Metro 5 Cap Ten Network2 Weeksoneplus0,2259739.4,772.42,-0.53,10700000
P25-54,Linear TV Metro 5 Cap SBS Network,2 Weeks,oneplus,0,P25-54Linear TV Metro 5 Cap SBS Network2 Weeksoneplus0,1033035.53,772.42,-0.53,10700000
P25-54,Linear TV Regional 4 Seven Network,2 Weeks,oneplus,0,P25-54Linear TV Regional 4 Seven Network2 Weeksoneplus0,1404244.71,706.21,-0.53,10700000
P25-54,Linear TV Regional 4 Nine Network,2 Weeks,oneplus,0,P25-54Linear TV Regional 4 Nine Network2 Weeksoneplus0,1467373.21,706.21,-0.53,10700000
P25-54,Linear TV Regional 4 Ten Network,2 Weeks,oneplus,0,P25-54Linear TV Regional 4 Ten Network2 Weeksoneplus0,971225.07,706.21,-0.53,10700000
P25-54,Linear TV Regional 4 SBS Network,2 Weeks,oneplus,0,P25-54Linear TV Regional 4 SBS Network2 Weeksoneplus0,443993.68,706.21,-0.53,10700000
P25-54,Foxtel Linear,2 Weeks,oneplus,0,P25-54Foxtel Linear2 Weeksoneplus0,1680690.34,662.07,-0.53,10700000
P25-54,YouTube TrueView,2 Weeks,oneplus,0,P25-54YouTube TrueView2 Weeksoneplus0,6693171,26084.89,-0.78,10700000
P25-54,YouTube Instant Reserve,2 Weeks,oneplus,0,P25-54YouTube Instant Reserve2 Weeksoneplus0,6693171,1547.05,-0.53,10700000
P25-54,YouTube Select,2 Weeks,oneplus,0,P25-54YouTube Select2 Weeksoneplus0,4531112.89,728.28,-0.53,10700000
P25-54,YouTube OMG Select,2 Weeks,oneplus,0,P25-54YouTube OMG Select2 Weeksoneplus0,2930584.09,81328,-0.92,10700000
P25-54,Nine Now,2 Weeks,oneplus,0,P25-54Nine Now2 Weeksoneplus0,1869460.23,696.92,-0.53,10700000
P25-54,Ten Play,2 Weeks,oneplus,0,P25-54Ten Play2 Weeksoneplus0,1177522.84,410,-0.52,10700000
P25-54,Seven Plus,2 Weeks,oneplus,0,P25-54Seven Plus2 Weeksoneplus0,825664.77,390,-0.58,10700000
P25-54,SBS On Demand,2 Weeks,oneplus,0,P25-54SBS On Demand2 Weeksoneplus0,725352.28,522.69,-0.61,10700000
P25-54,Kayo,2 Weeks,oneplus,0,P25-54Kayo2 Weeksoneplus0,1494656.25,2251.05,-0.53,10700000
P25-54,Foxtel Go,2 Weeks,oneplus,0,P25-54Foxtel Go2 Weeksoneplus0,688508.53,2206.91,-0.53,10700000
P25-54,Binge,2 Weeks,oneplus,0,P25-54Binge2 Weeksoneplus0,291772.58,2648.3,-0.53,10700000
P25-54,Netflix,2 Weeks,oneplus,0,P25-54Netflix2 Weeksoneplus0,455965.9,2206.91,-0.82,10700000
P25-54,Optus Sport,2 Weeks,oneplus,0,P25-54Optus Sport2 Weeksoneplus0,452400,2206.91,-0.9,10700000
P25-54,Amazon Prime,2 Weeks,oneplus,0,P25-54Amazon Prime2 Weeksoneplus0,1357200,2206.91,-0.8,10700000
P18-44,Linear TV Metro & Regional,2 Weeks,oneplus,0,P18-44Linear TV Metro & Regional2 Weeksoneplus0,5742000,642,-0.55,9700000
P18-44,Linear TV Metro,2 Weeks,oneplus,0,P18-44Linear TV Metro2 Weeksoneplus0,3784500,680.91,-0.55,9700000
P18-44,Linear TV Regional,2 Weeks,oneplus,0,P18-44Linear TV Regional2 Weeksoneplus0,2046516.19,622.55,-0.55,9700000
P18-44,Linear TV Metro 5 Cap Seven Network,2 Weeks,oneplus,0,P18-44Linear TV Metro 5 Cap Seven Network2 Weeksoneplus0,2517608.23,680.91,-0.55,9700000
P18-44,Linear TV Metro 5 Cap Nine Network,2 Weeks,oneplus,0,P18-44Linear TV Metro 5 Cap Nine Network2 Weeksoneplus0,2630788.53,680.91,-0.55,9700000
P18-44,Linear TV Metro 5 Cap Ten Network,2 Weeks,oneplus,0,P18-44Linear TV Metro 5 Cap Ten Network2 Weeksoneplus0,1741266.48,680.91,-0.55,9700000
P18-44,Linear TV Metro 5 Cap SBS Network,2 Weeks,oneplus,0,P18-44Linear TV Metro 5 Cap SBS Network2 Weeksoneplus0,796016.63,680.91,-0.55,9700000
P18-44,Linear TV Regional 4 Seven Network,2 Weeks,oneplus,0,P18-44Linear TV Regional 4 Seven Network2 Weeksoneplus0,1082055.85,622.55,-0.55,9700000
P18-44,Linear TV Regional 4 Nine Network,2 Weeks,oneplus,0,P18-44Linear TV Regional 4 Nine Network2 Weeksoneplus0,1130700.2,622.55,-0.55,9700000
P18-44,Linear TV Regional 4 Ten Network,2 Weeks,oneplus,0,P18-44Linear TV Regional 4 Ten Network2 Weeksoneplus0,748387.92,622.55,-0.55,9700000
P18-44,Linear TV Regional 4 SBS Network,2 Weeks,oneplus,0,P18-44Linear TV Regional 4 SBS Network2 Weeksoneplus0,342124.1,622.55,-0.55,9700000
P18-44,Foxtel Linear,2 Weeks,oneplus,0,P18-44Foxtel Linear2 Weeksoneplus0,1088616.48,583.64,-0.55,9700000
P18-44,YouTube TrueView,2 Weeks,oneplus,0,P18-44YouTube TrueView2 Weeksoneplus0,6160470,52426.37,-0.85,9700000
P18-44,YouTube Instant Reserve,2 Weeks,oneplus,0,P18-44YouTube Instant Reserve2 Weeksoneplus0,6042324,1625.23,-0.55,9700000
P18-44,YouTube Select,2 Weeks,oneplus,0,P18-44YouTube Select2 Weeksoneplus0,4078712.22,14358.34,-0.75,9700000
P18-44,YouTube OMG Select,2 Weeks,oneplus,0,P18-44YouTube OMG Select2 Weeksoneplus0,2656697.73,156526.57,-0.98,9700000
P18-44,Nine Now,2 Weeks,oneplus,0,P18-44Nine Now2 Weeksoneplus0,1694744.31,2334.55,-0.55,9700000
P18-44,Ten Play,2 Weeks,oneplus,0,P18-44Ten Play2 Weeksoneplus0,814303.98,1945.46,-0.55,9700000
P18-44,Seven Plus,2 Weeks,oneplus,0,P18-44Seven Plus2 Weeksoneplus0,582630.68,1945.46,-0.55,9700000
P18-44,SBS On Demand,2 Weeks,oneplus,0,P18-44SBS On Demand2 Weeksoneplus0,491693.18,1750.91,-0.55,9700000
P18-44,Kayo,2 Weeks,oneplus,0,P18-44Kayo2 Weeksoneplus0,1528968.75,1984.36,-0.55,9700000
P18-44,Foxtel Go,2 Weeks,oneplus,0,P18-44Foxtel Go2 Weeksoneplus0,624161.93,1945.46,-0.55,9700000
P18-44,Binge,2 Weeks,oneplus,0,P18-44Binge2 Weeksoneplus0,351504.12,2334.55,-0.55,9700000
P18-44,Netflix,2 Weeks,oneplus,0,P18-44Netflix2 Weeksoneplus0,587352.27,1945.46,-0.82,9700000
P18-44,Optus Sport,2 Weeks,oneplus,0,P18-44Optus Sport2 Weeksoneplus0,587352.27,1945.46,-0.9,9700000
P18-44,Amazon Prime,2 Weeks,oneplus,0,P18-44Amazon Prime2 Weeksoneplus0,1404358.88,1945.46,-0.8,9700000
P18-64,Linear TV Metro & Regional,2 Weeks,oneplus,0,P18-64Linear TV Metro & Regional2 Weeksoneplus0,11229895.92,695.74,-0.53,16000000
P18-64,Linear TV Metro,2 Weeks,oneplus,0,P18-64Linear TV Metro2 Weeksoneplus0,7854199.08,737.91,-0.53,16000000
P18-64,Linear TV Regional,2 Weeks,oneplus,0,P18-64Linear TV Regional2 Weeksoneplus0,3375696.81,674.66,-0.53,16000000
P18-64,Linear TV Metro 5 Cap Seven Network,2 Weeks,oneplus,0,P18-64Linear TV Metro 5 Cap Seven Network2 Weeksoneplus0,5129874.87,737.91,-0.53,16000000
P18-64,Linear TV Metro 5 Cap Nine Network,2 Weeks,oneplus,0,P18-64Linear TV Metro 5 Cap Nine Network2 Weeksoneplus0,5360490.88,737.91,-0.53,16000000
P18-64,Linear TV Metro 5 Cap Ten Network,2 Weeks,oneplus,0,P18-64Linear TV Metro 5 Cap Ten Network2 Weeksoneplus0,3548002.04,737.91,-0.53,16000000
P18-64,Linear TV Metro 5 Cap SBS Network,2 Weeks,oneplus,0,P18-64Linear TV Metro 5 Cap SBS Network2 Weeksoneplus0,1621962.33,737.91,-0.53,16000000
P18-64,Linear TV Regional 4 Seven Network,2 Weeks,oneplus,0,P18-64Linear TV Regional 4 Seven Network2 Weeksoneplus0,2204795.43,674.66,-0.53,16000000
P18-64,Linear TV Regional 4 Nine Network,2 Weeks,oneplus,0,P18-64Linear TV Regional 4 Nine Network2 Weeksoneplus0,2303913.08,674.66,-0.53,16000000
P18-64,Linear TV Regional 4 Ten Network,2 Weeks,oneplus,0,P18-64Linear TV Regional 4 Ten Network2 Weeksoneplus0,1524914.13,674.66,-0.53,16000000
P18-64,Linear TV Regional 4 SBS Network,2 Weeks,oneplus,0,P18-64Linear TV Regional 4 SBS Network2 Weeksoneplus0,697111.57,674.66,-0.53,16000000
P18-64,Foxtel Linear,2 Weeks,oneplus,0,P18-64Foxtel Linear2 Weeksoneplus0,2774181.82,632.49,-0.53,16000000
P18-64,YouTube TrueView,2 Weeks,oneplus,0,P18-64YouTube TrueView2 Weeksoneplus0,10259040,62104.98,-0.85,16000000
P18-64,YouTube Instant Reserve,2 Weeks,oneplus,0,P18-64YouTube Instant Reserve2 Weeksoneplus0,9604800,1577.01,-0.53,16000000
P18-64,YouTube Select,2 Weeks,oneplus,0,P18-64YouTube Select2 Weeksoneplus0,6727772.73,36817.02,-0.81,16000000
P18-64,YouTube OMG Select,2 Weeks,oneplus,0,P18-64YouTube OMG Select2 Weeksoneplus0,4382181.81,158485.62,-0.97,16000000
P18-64,Nine Now,2 Weeks,oneplus,0,P18-64Nine Now2 Weeksoneplus0,2795454.54,2529.97,-0.53,16000000
P18-64,Ten Play,2 Weeks,oneplus,0,P18-64Ten Play2 Weeksoneplus0,1343181.82,2108.31,-0.53,16000000
P18-64,Seven Plus,2 Weeks,oneplus,0,P18-64Seven Plus2 Weeksoneplus0,1278545.46,2108.31,-0.53,16000000
P18-64,SBS On Demand,2 Weeks,oneplus,0,P18-64SBS On Demand2 Weeksoneplus0,954545.46,1897.48,-0.53,16000000
P18-64,Kayo,2 Weeks,oneplus,0,P18-64Kayo2 Weeksoneplus0,2235000,2150.47,-0.53,16000000
P18-64,Foxtel Go,2 Weeks,oneplus,0,P18-64Foxtel Go2 Weeksoneplus0,1029545.45,2108.31,-0.53,16000000
P18-64,Binge,2 Weeks,oneplus,0,P18-64Binge2 Weeksoneplus0,436295.45,2529.97,-0.53,16000000
P18-64,Netflix,2 Weeks,oneplus,0,P18-64Netflix2 Weeksoneplus0,681818.18,2108.31,-0.82,16000000
P18-64,Optus Sport,2 Weeks,oneplus,0,P18-64Optus Sport2 Weeksoneplus0,681818.18,2108.31,-0.9,16000000
P18-64,Amazon Prime,2 Weeks,oneplus,0,P18-64Amazon Prime2 Weeksoneplus0,2029457.94,2108.31,-0.8,16000000
P18+,Linear TV Metro & Regional,1 Week,oneplus,0,P18+Linear TV Metro & Regional1 Weekoneplus0,13295164.13,12827.14,-0.84,20600000
P18+,Linear TV Metro,1 Week,oneplus,0,P18+Linear TV Metro1 Weekoneplus0,9298649.49,13604.54,-0.84,20600000
P18+,Linear TV Regional,1 Week,oneplus,0,P18+Linear TV Regional1 Weekoneplus0,3996514.62,12438.43,-0.84,20600000
P18+,Linear TV Metro 5 Cap Seven Network,1 Week,oneplus,0,P18+Linear TV Metro 5 Cap Seven Network1 Weekoneplus0,6362504.9,13604.54,-0.84,20600000
P18+,Linear TV Metro 5 Cap Nine Network,1 Week,oneplus,0,P18+Linear TV Metro 5 Cap Nine Network1 Weekoneplus0,6648534.39,13604.54,-0.84,20600000
P18+,Linear TV Metro 5 Cap Ten Network,1 Week,oneplus,0,P18+Linear TV Metro 5 Cap Ten Network1 Weekoneplus0,4400532.36,13604.54,-0.84,20600000
P18+,Linear TV Metro 5 Cap SBS Network,1 Week,oneplus,0,P18+Linear TV Metro 5 Cap SBS Network1 Weekoneplus0,2011694.93,13604.54,-0.84,20600000
P18+,Linear TV Regional 4 Seven Network,1 Week,oneplus,0,P18+Linear TV Regional 4 Seven Network1 Weekoneplus0,2734573.86,12438.43,-0.84,20600000
P18+,Linear TV Regional 4 Nine Network,1 Week,oneplus,0,P18+Linear TV Regional 4 Nine Network1 Weekoneplus0,2857507.95,12438.43,-0.84,20600000
P18+,Linear TV Regional 4 Ten Network,1 Week,oneplus,0,P18+Linear TV Regional 4 Ten Network1 Weekoneplus0,1891327.55,12438.43,-0.84,20600000
P18+,Linear TV Regional 4 SBS Network,1 Week,oneplus,0,P18+Linear TV Regional 4 SBS Network1 Weekoneplus0,864616.76,12438.43,-0.84,20600000
P18+,Foxtel Linear,1 Week,oneplus,0,P18+Foxtel Linear1 Weekoneplus0,2975376.18,11661.03,-0.84,20600000
P18+,YouTube TrueView,1 Week,oneplus,0,P18+YouTube TrueView1 Weekoneplus0,11519520,11061,-0.71,20600000
P18+,YouTube Instant Reserve,1 Week,oneplus,0,P18+YouTube Instant Reserve1 Weekoneplus0,10876800,29891.11,-0.84,20600000
P18+,YouTube Select,1 Week,oneplus,0,P18+YouTube Select1 Weekoneplus0,5501128.32,79835.86,-0.91,20600000
P18+,YouTube OMG Select,1 Week,oneplus,0,P18+YouTube OMG Select1 Weekoneplus0,2815118.2,101475.09,-1.01,20600000
P18+,Nine Now,1 Week,oneplus,0,P18+Nine Now1 Weekoneplus0,3309561.13,46644.13,-0.84,20600000
P18+,Ten Play,1 Week,oneplus,0,P18+Ten Play1 Weekoneplus0,1590203.77,38870.11,-0.84,20600000
P18+,Seven Plus,1 Week,oneplus,0,P18+Seven Plus1 Weekoneplus0,1307680.26,38870.11,-0.84,20600000
P18+,SBS On Demand,1 Week,oneplus,0,P18+SBS On Demand1 Weekoneplus0,1130094.05,34983.1,-0.84,20600000
P18+,Kayo,1 Week,oneplus,0,P18+Kayo1 Weekoneplus0,2646034.49,39647.51,-0.84,20600000
P18+,Foxtel Go,1 Week,oneplus,0,P18+Foxtel Go1 Weekoneplus0,1218887.15,38870.11,-0.84,20600000
P18+,Binge,1 Week,oneplus,0,P18+Binge1 Weekoneplus0,516533.7,46644.13,-0.84,20600000
P18+,Netflix,1 Week,oneplus,0,P18+Netflix1 Weekoneplus0,807210.02,38870.11,-0.82,20600000
P18+,Optus Sport,1 Week,oneplus,0,P18+Optus Sport1 Weekoneplus0,807210.02,38870.11,-0.9,20600000
P18+,Amazon Prime,1 Week,oneplus,0,P18+Amazon Prime1 Weekoneplus0,2402691.59,38870.11,-0.8,20600000
P25-54,Linear TV Metro & Regional,1 Week,oneplus,0,P25-54Linear TV Metro & Regional1 Weekoneplus0,6905740.59,728.28,-0.53,10700000
P25-54,Linear TV Metro,1 Week,oneplus,0,P25-54Linear TV Metro1 Weekoneplus0,4829881.05,772.42,-0.53,10700000
P25-54,Linear TV Regional,1 Week,oneplus,0,P25-54Linear TV Regional1 Weekoneplus0,2075859.54,706.21,-0.53,10700000
P25-54,Linear TV Metro 5 Cap Seven Network,1 Week,oneplus,0,P25-54Linear TV Metro 5 Cap Seven Network1 Weekoneplus0,3004360.21,772.42,-0.53,10700000
P25-54,Linear TV Metro 5 Cap Nine Network,1 Week,oneplus,0,P25-54Linear TV Metro 5 Cap Nine Network1 Weekoneplus0,3139422.68,772.42,-0.53,10700000
P25-54,Linear TV Metro 5 Cap Ten Network,1 Week,oneplus,0,P25-54Linear TV Metro 5 Cap Ten Network1 Weekoneplus0,2077921.28,772.42,-0.53,10700000
P25-54,Linear TV Metro 5 Cap SBS Network,1 Week,oneplus,0,P25-54Linear TV Metro 5 Cap SBS Network1 Weekoneplus0,949917.73,772.42,-0.53,10700000
P25-54,Linear TV Regional 4 Seven Network,1 Week,oneplus,0,P25-54Linear TV Regional 4 Seven Network1 Weekoneplus0,1291259.5,706.21,-0.53,10700000
P25-54,Linear TV Regional 4 Nine Network,1 Week,oneplus,0,P25-54Linear TV Regional 4 Nine Network1 Weekoneplus0,1349308.7,706.21,-0.53,10700000
P25-54,Linear TV Regional 4 Ten Network,1 Week,oneplus,0,P25-54Linear TV Regional 4 Ten Network1 Weekoneplus0,893080.53,706.21,-0.53,10700000
P25-54,Linear TV Regional 4 SBS Network,1 Week,oneplus,0,P25-54Linear TV Regional 4 SBS Network1 Weekoneplus0,408270.05,706.21,-0.53,10700000
P25-54,Foxtel Linear,1 Week,oneplus,0,P25-54Foxtel Linear1 Weekoneplus0,1545462.38,662.07,-0.53,10700000
P25-54,YouTube TrueView,1 Week,oneplus,0,P25-54YouTube TrueView1 Weekoneplus0,6154640,26084.89,-0.78,10700000
P25-54,YouTube Instant Reserve,1 Week,oneplus,0,P25-54YouTube Instant Reserve1 Weekoneplus0,6154640,1547.05,-0.53,10700000
P25-54,YouTube Select,1 Week,oneplus,0,P25-54YouTube Select1 Weekoneplus0,4166540.59,728.28,-0.53,10700000
P25-54,YouTube OMG Select,1 Week,oneplus,0,P25-54YouTube OMG Select1 Weekoneplus0,2694789.97,81328,-0.92,10700000
P25-54,Nine Now,1 Week,oneplus,0,P25-54Nine Now1 Weekoneplus0,1719043.89,696.92,-0.53,10700000
P25-54,Ten Play,1 Week,oneplus,0,P25-54Ten Play1 Weekoneplus0,1082779.62,410,-0.52,10700000
P25-54,Seven Plus,1 Week,oneplus,0,P25-54Seven Plus1 Weekoneplus0,759231.98,390,-0.58,10700000
P25-54,SBS On Demand,1 Week,oneplus,0,P25-54SBS On Demand1 Weekoneplus0,666990.6,522.69,-0.61,10700000
P25-54,Kayo,1 Week,oneplus,0,P25-54Kayo1 Weekoneplus0,1374396.55,2251.05,-0.53,10700000
P25-54,Foxtel Go,1 Week,oneplus,0,P25-54Foxtel Go1 Weekoneplus0,633111.29,2206.91,-0.53,10700000
P25-54,Binge,1 Week,oneplus,0,P25-54Binge1 Weekoneplus0,268296.62,2648.3,-0.53,10700000
P25-54,Netflix,1 Week,oneplus,0,P25-54Netflix1 Weekoneplus0,419278.99,2206.91,-0.82,10700000
P25-54,Optus Sport,1 Week,oneplus,0,P25-54Optus Sport1 Weekoneplus0,416000,2206.91,-0.9,10700000
P25-54,Amazon Prime,1 Week,oneplus,0,P25-54Amazon Prime1 Weekoneplus0,1248000,2206.91,-0.8,10700000
P18-44,Linear TV Metro & Regional,1 Week,oneplus,0,P18-44Linear TV Metro & Regional1 Weekoneplus0,5280000,642,-0.55,9700000
P18-44,Linear TV Metro,1 Week,oneplus,0,P18-44Linear TV Metro1 Weekoneplus0,3480000,680.91,-0.55,9700000
P18-44,Linear TV Regional,1 Week,oneplus,0,P18-44Linear TV Regional1 Weekoneplus0,1881853.97,622.55,-0.55,9700000
P18-44,Linear TV Metro 5 Cap Seven Network,1 Week,oneplus,0,P18-44Linear TV Metro 5 Cap Seven Network1 Weekoneplus0,2315042.05,680.91,-0.55,9700000
P18-44,Linear TV Metro 5 Cap Nine Network,1 Week,oneplus,0,P18-44Linear TV Metro 5 Cap Nine Network1 Weekoneplus0,2419115.89,680.91,-0.55,9700000
P18-44,Linear TV Metro 5 Cap Ten Network,1 Week,oneplus,0,P18-44Linear TV Metro 5 Cap Ten Network1 Weekoneplus0,1601164.58,680.91,-0.55,9700000
P18-44,Linear TV Metro 5 Cap SBS Network,1 Week,oneplus,0,P18-44Linear TV Metro 5 Cap SBS Network1 Weekoneplus0,731969.32,680.91,-0.55,9700000
P18-44,Linear TV Regional 4 Seven Network,1 Week,oneplus,0,P18-44Linear TV Regional 4 Seven Network1 Weekoneplus0,994993.89,622.55,-0.55,9700000
P18-44,Linear TV Regional 4 Nine Network,1 Week,oneplus,0,P18-44Linear TV Regional 4 Nine Network1 Weekoneplus0,1039724.32,622.55,-0.55,9700000
P18-44,Linear TV Regional 4 Ten Network,1 Week,oneplus,0,P18-44Linear TV Regional 4 Ten Network1 Weekoneplus0,688172.8,622.55,-0.55,9700000
P18-44,Linear TV Regional 4 SBS Network,1 Week,oneplus,0,P18-44Linear TV Regional 4 SBS Network1 Weekoneplus0,314596.87,622.55,-0.55,9700000
P18-44,Foxtel Linear,1 Week,oneplus,0,P18-44Foxtel Linear1 Weekoneplus0,1001026.65,583.64,-0.55,9700000
P18-44,YouTube TrueView,1 Week,oneplus,0,P18-44YouTube TrueView1 Weekoneplus0,5664800,52426.37,-0.85,9700000
P18-44,YouTube Instant Reserve,1 Week,oneplus,0,P18-44YouTube Instant Reserve1 Weekoneplus0,5556160,1625.23,-0.55,9700000
P18-44,YouTube Select,1 Week,oneplus,0,P18-44YouTube Select1 Weekoneplus0,3750539.97,14358.34,-0.75,9700000
P18-44,YouTube OMG Select,1 Week,oneplus,0,P18-44YouTube OMG Select1 Weekoneplus0,2442940.44,156526.57,-0.98,9700000
P18-44,Nine Now,1 Week,oneplus,0,P18-44Nine Now1 Weekoneplus0,1558385.58,2334.55,-0.55,9700000
P18-44,Ten Play,1 Week,oneplus,0,P18-44Ten Play1 Weekoneplus0,748785.27,1945.46,-0.55,9700000
P18-44,Seven Plus,1 Week,oneplus,0,P18-44Seven Plus1 Weekoneplus0,535752.35,1945.46,-0.55,9700000
P18-44,SBS On Demand,1 Week,oneplus,0,P18-44SBS On Demand1 Weekoneplus0,452131.66,1750.91,-0.55,9700000
P18-44,Kayo,1 Week,oneplus,0,P18-44Kayo1 Weekoneplus0,1405948.28,1984.36,-0.55,9700000
P18-44,Foxtel Go,1 Week,oneplus,0,P18-44Foxtel Go1 Weekoneplus0,573942.01,1945.46,-0.55,9700000
P18-44,Binge,1 Week,oneplus,0,P18-44Binge1 Weekoneplus0,323222.18,2334.55,-0.55,9700000
P18-44,Netflix,1 Week,oneplus,0,P18-44Netflix1 Weekoneplus0,540094.04,1945.46,-0.82,9700000
P18-44,Optus Sport,1 Week,oneplus,0,P18-44Optus Sport1 Weekoneplus0,540094.04,1945.46,-0.9,9700000
P18-44,Amazon Prime,1 Week,oneplus,0,P18-44Amazon Prime1 Weekoneplus0,1291364.49,1945.46,-0.8,9700000
P18-64,Linear TV Metro & Regional,1 Week,oneplus,0,P18-64Linear TV Metro & Regional1 Weekoneplus0,10326341.07,695.74,-0.53,16000000
P18-64,Linear TV Metro,1 Week,oneplus,0,P18-64Linear TV Metro1 Weekoneplus0,7222252.03,737.91,-0.53,16000000
P18-64,Linear TV Regional,1 Week,oneplus,0,P18-64Linear TV Regional1 Weekoneplus0,3104089.02,674.66,-0.53,16000000
P18-64,Linear TV Metro 5 Cap Seven Network,1 Week,oneplus,0,P18-64Linear TV Metro 5 Cap Seven Network1 Weekoneplus0,4717126.31,737.91,-0.53,16000000
P18-64,Linear TV Metro 5 Cap Nine Network,1 Week,oneplus,0,P18-64Linear TV Metro 5 Cap Nine Network1 Weekoneplus0,4929187.01,737.91,-0.53,16000000
P18-64,Linear TV Metro 5 Cap Ten Network,1 Week,oneplus,0,P18-64Linear TV Metro 5 Cap Ten Network1 Weekoneplus0,3262530.61,737.91,-0.53,16000000
P18-64,Linear TV Metro 5 Cap SBS Network,1 Week,oneplus,0,P18-64Linear TV Metro 5 Cap SBS Network1 Weekoneplus0,1491459.61,737.91,-0.53,16000000
P18-64,Linear TV Regional 4 Seven Network,1 Week,oneplus,0,P18-64Linear TV Regional 4 Seven Network1 Weekoneplus0,2027398.1,674.66,-0.53,16000000
P18-64,Linear TV Regional 4 Nine Network,1 Week,oneplus,0,P18-64Linear TV Regional 4 Nine Network1 Weekoneplus0,2118540.76,674.66,-0.53,16000000
P18-64,Linear TV Regional 4 Ten Network,1 Week,oneplus,0,P18-64Linear TV Regional 4 Ten Network1 Weekoneplus0,1402219.89,674.66,-0.53,16000000
P18-64,Linear TV Regional 4 SBS Network,1 Week,oneplus,0,P18-64Linear TV Regional 4 SBS Network1 Weekoneplus0,641022.13,674.66,-0.53,16000000
P18-64,Foxtel Linear,1 Week,oneplus,0,P18-64Foxtel Linear1 Weekoneplus0,2550971.79,632.49,-0.53,16000000
P18-64,YouTube TrueView,1 Week,oneplus,0,P18-64YouTube TrueView1 Weekoneplus0,9433600,62104.98,-0.85,16000000
P18-64,YouTube Instant Reserve,1 Week,oneplus,0,P18-64YouTube Instant Reserve1 Weekoneplus0,8832000,1577.01,-0.53,16000000
P18-64,YouTube Select,1 Week,oneplus,0,P18-64YouTube Select1 Weekoneplus0,6186457.68,36817.02,-0.81,16000000
P18-64,YouTube OMG Select,1 Week,oneplus,0,P18-64YouTube OMG Select1 Weekoneplus0,4029592.47,158485.62,-0.97,16000000
P18-64,Nine Now,1 Week,oneplus,0,P18-64Nine Now1 Weekoneplus0,2570532.91,2529.97,-0.53,16000000
P18-64,Ten Play,1 Week,oneplus,0,P18-64Ten Play1 Weekoneplus0,1235109.72,2108.31,-0.53,16000000
P18-64,Seven Plus,1 Week,oneplus,0,P18-64Seven Plus1 Weekoneplus0,1175673.98,2108.31,-0.53,16000000
P18-64,SBS On Demand,1 Week,oneplus,0,P18-64SBS On Demand1 Weekoneplus0,877742.95,1897.48,-0.53,16000000
P18-64,Kayo,1 Week,oneplus,0,P18-64Kayo1 Weekoneplus0,2055172.42,2150.47,-0.53,16000000
P18-64,Foxtel Go,1 Week,oneplus,0,P18-64Foxtel Go1 Weekoneplus0,946708.46,2108.31,-0.53,16000000
P18-64,Binge,1 Week,oneplus,0,P18-64Binge1 Weekoneplus0,401191.22,2529.97,-0.53,16000000
P18-64,Netflix,1 Week,oneplus,0,P18-64Netflix1 Weekoneplus0,626959.25,2108.31,-0.82,16000000
P18-64,Optus Sport,1 Week,oneplus,0,P18-64Optus Sport1 Weekoneplus0,626959.25,2108.31,-0.9,16000000
P18-64,Amazon Prime,1 Week,oneplus,0,P18-64Amazon Prime1 Weekoneplus0,1866168.22,2108.31,-0.8,16000000
